keyword,checking_date
bilvask,2022-01-27 00-06-48
mestsolgtebil2020,2022-01-27 00-06-53
biludenudbetaling,2022-01-27 00-06-56
bilstyling,2022-01-27 00-07-03
udlejningafbil,2022-01-27 00-07-03
bmwelbil,2022-01-27 00-07-04
dibabil,2022-01-27 00-07-11
rustbeskyttelsebil,2022-01-27 00-07-11
billigbilleasing,2022-01-27 00-07-12
chiptuningafbil,2022-01-27 00-07-14
tinglysningbil,2022-01-27 00-07-18
legotechnicbil,2022-01-27 00-07-18
bilogco,2022-01-27 00-07-19
advarselslamperbilsymboler,2022-01-27 00-07-19
cykelholderbil,2022-01-27 00-07-20
billigsteleasingbil,2022-01-27 00-07-22
ringstedbilauktion,2022-01-27 00-07-25
formel1bil,2022-01-27 00-07-25
brugtbilranders,2022-01-27 00-07-26
mcqueenbil,2022-01-27 00-07-26
danmarksbilligstebil,2022-01-27 00-07-27
bilservice,2022-01-27 00-07-27
tjekbildk,2022-01-27 00-07-28
skrotpriserbil,2022-01-27 00-07-30
boostertilbil,2022-01-27 00-07-31
brianbil,2022-01-27 00-07-32
navigationtilbil,2022-01-27 00-07-33
olsenbandenbil,2022-01-27 00-07-33
leasingafbilerhverv,2022-01-27 00-07-34
hundeburetilbil,2022-01-27 00-07-34
indregistreringafbil,2022-01-27 00-07-34
billignybil,2022-01-27 00-07-35
korttidsleasingbil,2022-01-27 00-07-37
bluetoothtilbil,2022-01-27 00-07-37
upbil,2022-01-27 00-07-38
folieringafbil,2022-01-27 00-07-39
bedstebrugtebil2021,2022-01-27 00-07-40
ansvarsforsikringbilpris,2022-01-27 00-07-41
lynetmcqueenbil,2022-01-27 00-07-41
billigstebil,2022-01-27 00-07-41
fribil,2022-01-27 00-07-42
billeasingprivat,2022-01-27 00-07-42
mobilholderbil,2022-01-27 00-07-43
streamerstilbil,2022-01-27 00-07-44
importafbil,2022-01-27 00-07-45
kaskoforsikringbil,2022-01-27 00-07-45
airconditionbil,2022-01-27 00-07-47
omregistreringafbilpris,2022-01-27 00-07-47
dufttilbil,2022-01-27 00-07-48
brugthybridbil,2022-01-27 00-07-48
bilbasenbrugtbil,2022-01-27 00-07-49
hvilkenoliebrugerminbil,2022-01-27 00-07-50
airconditionerbil,2022-01-27 00-07-50
bilpleje,2022-01-27 00-07-51
nybiludenudbetaling,2022-01-27 00-07-52
bilmedautomatgear,2022-01-27 00-07-53
verdensgrimmestebil,2022-01-27 00-07-54
automatgearbil,2022-01-27 00-07-54
vwbrugtbil,2022-01-27 00-07-55
billigsteleasingbil2021,2022-01-27 00-07-55
billigsteforsikringbil,2022-01-27 00-07-55
opladertilbil,2022-01-27 00-07-56
elladertilbil,2022-01-27 00-07-57
leaseenbil,2022-01-27 00-07-57
leasingafbrugtbiludenudbetaling,2022-01-27 00-07-59
erhvervsleasingbil,2022-01-27 00-07-59
hundegittertilbil,2022-01-27 00-07-59
bilregistrering,2022-01-27 00-08-00
ledlystilbil,2022-01-27 00-08-01
turanbil,2022-01-27 00-08-01
synbil,2022-01-27 00-08-02
bedstemobilholdertilbil,2022-01-27 00-08-03
amerikanerbil,2022-01-27 00-08-04
ladabil,2022-01-27 00-08-04
mini-leasebil,2022-01-27 00-08-05
fribilbeskatning,2022-01-27 00-08-05
morganbil,2022-01-27 00-08-07
salgafbilprivat,2022-01-27 00-08-07
politibil,2022-01-27 00-08-07
nedvejningafbil,2022-01-27 00-08-08
stabil,2022-01-27 00-08-09
ruteplannerbil,2022-01-27 00-08-10
synsrapportbil,2022-01-27 00-08-10
hvordanomregistrerermanenbil,2022-01-27 00-08-11
nummeroplysningenbil,2022-01-27 00-08-11
findbil,2022-01-27 00-08-12
hunderampetilbil,2022-01-27 00-08-12
bedstebrugtbil2020,2022-01-27 00-08-13
grufmanbil,2022-01-27 00-08-14
bilaktion,2022-01-27 00-08-14
ruteplanbil,2022-01-27 00-08-16
ifforsikringbil,2022-01-27 00-08-16
tagtelttilbil,2022-01-27 00-08-16
aktivsubwooferbil,2022-01-27 00-08-16
brugtbilforhandler,2022-01-27 00-08-18
serviceaftalebil,2022-01-27 00-08-19
beregneforsikringbil,2022-01-27 00-08-19
epcbil,2022-01-27 00-08-20
bilpolering,2022-01-27 00-08-20
gammelbil,2022-01-27 00-08-22
konfiskeringafbil,2022-01-27 00-08-22
brugtbiltilsalg,2022-01-27 00-08-22
servicebil,2022-01-27 00-08-22
bilbank,2022-01-27 00-08-24
billigleasingafbil,2022-01-27 00-08-24
polobil,2022-01-27 00-08-25
lillebilmedautomatgear,2022-01-27 00-08-25
brintbil,2022-01-27 00-08-26
kopholdertilbil,2022-01-27 00-08-27
billigbiltilsalg,2022-01-27 00-08-28
lifttilbil,2022-01-27 00-08-29
ladbil,2022-01-27 00-08-29
bilfolie,2022-01-27 00-08-30
wvbil,2022-01-27 00-08-31
lejningafbil,2022-01-27 00-08-32
elektriskbil,2022-01-27 00-08-32
coatingafbil,2022-01-27 00-08-33
skrotbil,2022-01-27 00-08-34
vwbil,2022-01-27 00-08-35
lejenbilforendag,2022-01-27 00-08-36
billigforsikringbil,2022-01-27 00-08-37
blocketsebil,2022-01-27 00-08-38
telttilbil,2022-01-27 00-08-39
bilnyheder,2022-01-27 00-08-39
batteriertilbil,2022-01-27 00-08-39
poleringafbilpris,2022-01-27 00-08-40
bilkort,2022-01-27 00-08-42
hvadkosterdetathavebil,2022-01-27 00-08-42
legobil,2022-01-27 00-08-42
billigbrugtbil,2022-01-27 00-08-43
bildele,2022-01-27 00-08-44
teslabil,2022-01-27 00-08-45
forsikringafbil,2022-01-27 00-08-46
hundeburtilbilbiltema,2022-01-27 00-08-47
slikbil,2022-01-27 00-08-48
fdmforsikringbil,2022-01-27 00-08-48
mpvbil,2022-01-27 00-08-48
bilfinansiering,2022-01-27 00-08-50
kameratilbil,2022-01-27 00-08-51
siddepudebil,2022-01-27 00-08-52
bilnummerplade,2022-01-27 00-08-52
bilauktionpoliti,2022-01-27 00-08-53
bilradio,2022-01-27 00-08-54
subwoofertilbil,2022-01-27 00-08-55
korttidsleasingbrugtbil,2022-01-27 00-08-56
bilinfo,2022-01-27 00-08-56
bilmagasinet,2022-01-27 00-08-57
polestarbil,2022-01-27 00-08-57
releasingbil,2022-01-27 00-08-59
fjernstyretbilbenzin,2022-01-27 00-08-59
dashcamtilbil,2022-01-27 00-09-00
gpstrackerbil,2022-01-27 00-09-01
streamertilbil,2022-01-27 00-09-02
lexusbil,2022-01-27 00-09-02
trygforsikringbil,2022-01-27 00-09-02
vodskovbil,2022-01-27 00-09-03
oliefyrtilbil,2022-01-27 00-09-03
hjemisbil,2022-01-27 00-09-04
leasingbilerhverv,2022-01-27 00-09-05
langtidslejebil,2022-01-27 00-09-05
plug-inhybridbil,2022-01-27 00-09-07
tabletholdertilbil,2022-01-27 00-09-07
brugtbilmedautomatgear,2022-01-27 00-09-08
stickerstilbil,2022-01-27 00-09-08
billigsteleasingbil2020,2022-01-27 00-09-08
bildba,2022-01-27 00-09-09
leasingafbilbillig,2022-01-27 00-09-10
biltjek,2022-01-27 00-09-12
cobrabil,2022-01-27 00-09-12
bilspil,2022-01-27 00-09-12
bilvurdering,2022-01-27 00-09-13
registreringsnummerbil,2022-01-27 00-09-14
lakeringafbil,2022-01-27 00-09-15
bobbelbil,2022-01-27 00-09-16
pawpatrolbil,2022-01-27 00-09-16
leasingbilprivat,2022-01-27 00-09-17
advarselslamperbil,2022-01-27 00-09-18
kaybojesenbil,2022-01-27 00-09-18
brugtbilvejle,2022-01-27 00-09-19
findejerafbil,2022-01-27 00-09-20
billigbilforsikring,2022-01-27 00-09-21
sporingafbilpris,2022-01-27 00-09-22
stelnummerbil,2022-01-27 00-09-23
finansieringbil,2022-01-27 00-09-25
