#,keyword,country,difficulty,volume,cpc,cps,parent keyword,last update,serp features,global volume,traffic potential,nu,com,net,dk,checking_date
2,bilspil,dk,0,800,1.2,0.85,bilspil,22/01/2022 03:54,"Sitelinks,Top stories,Videos",1000,800,1,0,0,0,2022-01-27 00-09-12
3,lejningafbil,dk,57,800,0.5,1.0,biludlejning,13/01/2022 10:07,"Adwords top,Sitelinks,People also ask",800,6600,1,1,0,1,2022-01-27 00-08-32
4,korttidsleasingbil,dk,3,800,0.9,2.42,korttidsleasing,10/01/2022 19:36,"Knowledge panel,People also ask,Sitelinks",1400,1300,1,1,1,1,2022-01-27 00-07-37
5,tabletholdertilbil,dk,0,800,0.8,1.59,tablet holder til bil,11/01/2022 08:54,"Sitelinks,Image pack,Top stories,Videos",800,1000,1,0,1,1,2022-01-27 00-09-07
7,registreringsnummerbil,dk,32,800,0.2,1.04,tjek nummerplade,19/01/2022 02:44,"Sitelinks,People also ask",3700,132000,1,0,1,1,2022-01-27 00-09-14
9,hundegittertilbil,dk,0,800,0.4,2.18,hundegitter til bil,23/01/2022 02:34,"Image pack,Sitelinks",800,1300,1,0,0,1,2022-01-27 00-07-59
10,mestsolgtebil2020,dk,0,800,,,mest solgte bil 2020,15/01/2022 15:07,"Featured snippet,People also ask,Sitelinks,Top stories,Videos,Image pack",1100,400,1,1,1,1,2022-01-27 00-06-53
11,bilnummerplade,dk,28,800,0.45,1.07,nummerplade,16/01/2022 19:50,"Sitelinks,People also ask,Image pack",900,287000,1,0,0,1,2022-01-27 00-08-52
12,legotechnicbil,dk,0,800,0.5,0.75,lego technic,12/01/2022 08:40,"Shopping results,Thumbnails,Image pack,Sitelinks,Top stories,Videos",1700,5400,1,0,1,1,2022-01-27 00-07-18
13,ifforsikringbil,dk,0,800,0.9,0.94,bil forsikring,16/01/2022 04:10,"People also ask,Sitelinks",2600,9800,0,1,1,0,2022-01-27 00-08-16
14,kameratilbil,dk,2,800,0.6,1.42,kamera til bil,21/01/2022 23:04,"Sitelinks,People also ask,Image pack",900,700,1,1,1,0,2022-01-27 00-08-51
15,synbil,dk,17,800,0.25,0.8,syn,16/01/2022 23:54,"Sitelinks,People also ask",900,6200,1,1,0,0,2022-01-27 00-08-02
16,legobil,dk,0,800,0.35,0.52,lego bil,21/01/2022 01:28,"Sitelinks,Image pack,Top stories,Videos",3000,150,1,1,1,1,2022-01-27 00-08-42
17,brugtbilmedautomatgear,dk,3,800,0.2,1.51,brugt bil med automatgear,09/01/2022 01:02,"Sitelinks,People also ask,Image pack",800,1400,1,1,1,1,2022-01-27 00-09-08
18,bilinfo,dk,45,800,1.8,1.2,tjek nummerplade,15/01/2022 15:03,"Sitelinks,People also ask",6500,135000,0,0,0,0,2022-01-27 00-08-56
19,bluetoothtilbil,dk,0,800,0.6,1.26,bluetooth til bil,09/01/2022 09:08,"Shopping results,Thumbnails,Sitelinks,Top stories,Videos",900,800,0,1,1,1,2022-01-27 00-07-37
21,stelnummerbil,dk,13,800,1.2,1.24,nummerplade,22/01/2022 14:14,"People also ask,Sitelinks,Image pack",800,297000,0,1,0,1,2022-01-27 00-09-23
22,skrotbil,dk,19,800,1.6,1.44,skrotpræmie,21/01/2022 21:33,"Sitelinks,People also ask",1400,12000,0,0,0,0,2022-01-27 00-08-34
24,biludenudbetaling,dk,3,800,1.4,1.32,biler uden udbetaling,10/01/2022 22:33,"Adwords top,People also ask,Sitelinks",800,1400,1,0,0,0,2022-01-27 00-06-56
27,politibil,dk,0,700,0.0,0.17,politi køretøjer,11/01/2022 18:43,"Image pack,Sitelinks,Top stories,Videos",1000,60,0,0,0,0,2022-01-27 00-08-07
28,billigbilforsikring,dk,32,700,9.0,1.22,billig bilforsikring,10/01/2022 13:46,"Adwords top,Featured snippet,Sitelinks,People also ask,Adwords bottom",800,2700,0,0,1,0,2022-01-27 00-09-21
30,amerikanerbil,dk,2,700,0.3,0.74,amerikanerbiler til salg,15/01/2022 19:35,"Featured snippet,Sitelinks",900,1700,0,0,1,0,2022-01-27 00-08-04
31,beregneforsikringbil,dk,14,700,1.6,,bilforsikring,19/01/2022 14:26,"Adwords top,People also ask,Sitelinks",800,13000,1,1,0,1,2022-01-27 00-08-19
32,bilregistrering,dk,19,700,0.6,1.03,nummerplader,09/01/2022 02:40,"Sitelinks,People also ask,Image pack",1300,91000,1,1,1,1,2022-01-27 00-08-00
33,bildba,dk,0,700,,1.03,dba biler,18/01/2022 01:08,"Sitelinks,People also ask,Image pack",700,32000,1,1,1,1,2022-01-27 00-09-09
34,bilvurdering,dk,5,700,0.4,1.73,bilvurdering,22/01/2022 00:52,"People also ask,Sitelinks",800,2100,0,0,0,0,2022-01-27 00-09-13
35,advarselslamperbilsymboler,dk,0,700,,,bil symboler betydelse,16/01/2022 07:38,"Image pack,People also ask,Sitelinks",700,1000,1,1,1,1,2022-01-27 00-07-19
36,erhvervsleasingbil,dk,5,700,3.0,1.45,erhvervsleasing,12/01/2022 10:20,"Sitelinks,People also ask,Adwords bottom",800,4700,1,1,1,1,2022-01-27 00-07-59
37,ringstedbilauktion,dk,2,700,0.8,,bilauktion ringsted,20/01/2022 06:24,"Sitelinks,Knowledge panel,Image pack",700,1500,1,1,1,1,2022-01-27 00-07-25
38,bilvask,dk,9,700,0.2,0.56,bilvask,12/01/2022 19:26,"Adwords top,People also ask,Sitelinks,Top stories,Videos",1100,6200,0,0,0,0,2022-01-27 00-06-48
39,polobil,dk,2,700,0.4,0.41,polo,23/01/2022 02:30,"People also ask,Knowledge panel,Sitelinks",1500,3100,1,1,1,1,2022-01-27 00-08-25
40,lynetmcqueenbil,dk,0,700,0.25,0.81,lynet mcqueen bil,10/01/2022 12:25,"Sitelinks,Knowledge panel,Top stories,Videos,People also ask",1700,500,0,1,0,1,2022-01-27 00-07-41
41,polestarbil,dk,0,700,,,polestar 2,11/01/2022 10:57,"Adwords top,Sitelinks,People also ask,Top stories,Videos,Image pack",2100,7100,1,1,1,0,2022-01-27 00-08-57
42,ledlystilbil,dk,1,700,0.4,1.49,led lys bil,11/01/2022 04:44,"Sitelinks,People also ask,Top stories,Videos,Image pack",900,450,1,0,0,0,2022-01-27 00-08-01
66,ledlystilbil,dk,1,600,,,ledlys til bil,18/01/2022 23:38,"Shopping results,Thumbnails,People also ask,Sitelinks,Top stories,Videos",700,600,1,0,0,0,2022-01-27 00-08-01
43,ruteplannerbil,dk,6,700,0.03,1.2,ruteplanner bil,21/01/2022 16:32,Sitelinks,700,1000,0,1,1,0,2022-01-27 00-08-10
44,indregistreringafbil,dk,3,700,1.3,1.0,afmeld bil,22/01/2022 10:36,"Featured snippet,People also ask,Sitelinks",800,5700,0,0,0,1,2022-01-27 00-07-34
45,bilfinansiering,dk,2,700,3.5,1.34,bil finansiering,16/01/2022 22:26,People also ask,900,1700,0,0,0,0,2022-01-27 00-08-50
46,subwoofertilbil,dk,0,700,0.35,1.72,subwoofer til bil,21/01/2022 22:05,"Sitelinks,Image pack",800,1100,0,1,1,0,2022-01-27 00-08-55
47,lifttilbil,dk,1,700,0.4,1.16,lift til bil,22/01/2022 21:30,"Sitelinks,Image pack",700,300,0,0,1,1,2022-01-27 00-08-29
50,dashcamtilbil,dk,3,700,0.6,,dashcam,19/01/2022 00:44,"Sitelinks,People also ask,Image pack",800,3600,1,0,1,1,2022-01-27 00-09-00
52,leaseenbil,dk,33,700,1.1,1.33,leasing af bil,12/01/2022 07:36,"Adwords top,People also ask,Sitelinks",800,16000,0,1,0,1,2022-01-27 00-07-57
53,leasingbilprivat,dk,12,700,0.5,1.58,privat leasing,09/01/2022 13:35,"Sitelinks,People also ask",1400,8600,0,1,1,0,2022-01-27 00-09-17
54,bilbank,dk,12,700,3.0,1.03,bil bank,14/01/2022 14:01,"Sitelinks,Knowledge panel",1700,800,1,0,0,0,2022-01-27 00-08-24
55,vwbrugtbil,dk,2,700,,,vw brugt bil,08/01/2022 23:59,Sitelinks,700,1200,0,1,1,1,2022-01-27 00-07-55
56,ladbil,dk,0,700,0.35,,lad bil,19/01/2022 05:10,"Sitelinks,Image pack",700,450,1,0,0,0,2022-01-27 00-08-29
57,oliefyrtilbil,dk,1,700,0.3,1.58,oliefyr til bil,15/01/2022 10:44,"Featured snippet,Sitelinks,People also ask",700,500,0,0,0,1,2022-01-27 00-09-03
58,brugtbilvejle,dk,5,700,0.3,,brugt bil vejle,11/01/2022 21:55,Sitelinks,700,350,1,0,1,1,2022-01-27 00-09-19
59,turanbil,dk,2,700,0.3,0.55,vw touran,15/01/2022 03:29,"Knowledge panel,Sitelinks",800,2900,1,1,0,1,2022-01-27 00-08-01
60,vodskovbil,dk,6,700,,,autotorvet,18/01/2022 23:27,"Sitelinks,Image pack",700,6600,1,1,0,1,2022-01-27 00-09-03
62,bilogco,dk,0,700,0.02,0.92,bil og co,22/01/2022 23:47,"Sitelinks,Top stories,Videos",700,1100,1,0,0,0,2022-01-27 00-07-19
63,tjekbildk,dk,28,700,,,tjek nummerplade,21/01/2022 01:48,"Sitelinks,People also ask,Knowledge panel",700,120000,1,1,0,0,2022-01-27 00-07-28
64,rustbeskyttelsebil,dk,3,600,0.3,1.05,dinitrol,12/01/2022 21:47,"Adwords top,People also ask,Sitelinks,Image pack",800,1900,0,1,1,1,2022-01-27 00-07-11
67,billigforsikringbil,dk,28,600,4.0,1.43,alka bilforsikring,12/01/2022 21:27,"Adwords top,Sitelinks,People also ask",800,17000,0,0,1,1,2022-01-27 00-08-37
68,navigationtilbil,dk,0,600,0.5,1.17,gps,20/01/2022 12:47,"People also ask,Sitelinks",600,1000,1,1,1,1,2022-01-27 00-07-33
70,synsrapportbil,dk,5,600,0.6,1.18,synsrapport,17/01/2022 01:59,"Sitelinks,People also ask,Image pack",600,15000,1,1,1,1,2022-01-27 00-08-10
71,udlejningafbil,dk,57,600,2.5,1.02,biludlejning,12/01/2022 23:18,"Adwords top,Sitelinks,People also ask",600,6700,1,1,1,1,2022-01-27 00-07-03
72,verdensgrimmestebil,dk,0,600,0.0,0.26,grimmeste biler,17/01/2022 10:56,"Image pack,Sitelinks,People also ask,Top stories,Videos",600,200,1,1,0,1,2022-01-27 00-07-54
73,findbil,dk,57,600,0.25,1.13,tjek nummerplade,15/01/2022 04:22,"Sitelinks,People also ask",700,135000,0,0,0,0,2022-01-27 00-08-12
75,batteriertilbil,dk,3,600,0.2,,bilbatteri,13/01/2022 15:32,"Sitelinks,People also ask",600,2800,1,1,1,0,2022-01-27 00-08-39
76,lexusbil,dk,1,600,0.8,,lexus,10/01/2022 16:49,"Sitelinks,People also ask,Image pack,Top stories,Videos,Thumbnails",1100,1500,0,1,0,1,2022-01-27 00-09-02
77,hjemisbil,dk,1,600,0.02,1.08,hjemis,13/01/2022 04:37,"Sitelinks,People also ask,Knowledge panel",700,52000,1,1,0,1,2022-01-27 00-09-04
79,bilservice,dk,2,600,1.3,0.95,serviceeftersyn,23/01/2022 00:21,People also ask,2000,900,0,0,0,0,2022-01-27 00-07-27
82,bilauktionpoliti,dk,4,600,,,politi auktion biler,19/01/2022 20:39,"People also ask,Sitelinks,Image pack",600,800,1,0,0,1,2022-01-27 00-08-53
83,olsenbandenbil,dk,0,600,0.0,0.96,olsen banden bil,14/01/2022 11:42,"Featured snippet,People also ask,Top stories,Videos,Sitelinks",600,200,1,1,1,1,2022-01-27 00-07-33
84,brianbil,dk,6,600,0.5,0.36,brian bil,16/01/2022 17:07,"Image pack,Sitelinks,Top stories,Videos",600,60,1,1,1,1,2022-01-27 00-07-32
85,billigsteleasingbil2020,dk,6,600,,,billig leasing,13/01/2022 23:49,,600,9100,1,1,0,1,2022-01-27 00-09-08
86,hvadkosterdetathavebil,dk,0,600,3.0,1.55,hvad koster det at have bil,15/01/2022 22:07,"Featured snippet,People also ask,Sitelinks",600,800,1,1,1,1,2022-01-27 00-08-42
87,mpvbil,dk,0,600,1.0,0.73,mpv bil,14/01/2022 22:08,"People also ask,Sitelinks,Image pack",800,300,0,1,1,1,2022-01-27 00-08-48
88,billigbiltilsalg,dk,19,600,1.0,1.28,biltorvet,15/01/2022 14:13,Sitelinks,600,70000,1,1,1,0,2022-01-27 00-08-28
89,leasingbilerhverv,dk,6,600,2.0,1.53,fleggaard leasing,13/01/2022 11:26,"Sitelinks,People also ask",600,4400,1,1,0,1,2022-01-27 00-09-05
90,nybiludenudbetaling,dk,2,600,3.5,1.64,ny bil uden udbetaling,15/01/2022 20:09,"People also ask,Sitelinks",600,1400,0,0,1,0,2022-01-27 00-07-52
91,upbil,dk,1,600,0.09,0.62,vw up,12/01/2022 14:22,"People also ask,Knowledge panel,Sitelinks",900,11000,0,0,0,1,2022-01-27 00-07-38
92,salgafbilprivat,dk,4,600,1.0,1.27,salg af bil privat,12/01/2022 13:26,"Featured snippet,People also ask,Sitelinks",600,700,1,1,1,1,2022-01-27 00-08-07
94,dufttilbil,dk,0,600,0.8,1.36,duft til bilen,14/01/2022 01:28,"Sitelinks,Image pack",800,1000,1,1,0,1,2022-01-27 00-07-48
96,kopholdertilbil,dk,0,600,0.3,1.88,kopholder til bil,13/01/2022 13:11,"Shopping results,Thumbnails,Sitelinks,Image pack",600,600,1,1,1,1,2022-01-27 00-08-27
97,billigsteleasingbil,dk,8,600,1.3,1.6,billig leasing,11/01/2022 09:41,"People also ask,Sitelinks",800,9700,1,1,1,1,2022-01-27 00-07-22
98,bilbasenbrugtbil,dk,5,600,,,bilbasen brugte biler,19/01/2022 17:14,"Sitelinks,Image pack",600,1100,0,1,1,1,2022-01-27 00-07-49
100,trygforsikringbil,dk,1,600,1.2,0.97,bilforsikring,15/01/2022 04:59,"Sitelinks,People also ask,Adwords bottom",1200,5000,1,1,1,1,2022-01-27 00-09-02
101,bilkort,dk,0,600,0.2,,bil kort,19/01/2022 08:53,"Sitelinks,Image pack",600,150,0,0,0,0,2022-01-27 00-08-42
103,sporingafbilpris,dk,0,600,0.3,1.8,sporing af bil pris,09/01/2022 01:54,"Featured snippet,People also ask,Sitelinks",600,600,1,1,1,1,2022-01-27 00-09-22
105,brintbil,dk,5,600,0.02,1.09,toyota mirai,15/01/2022 03:39,"People also ask,Sitelinks,Knowledge panel,Top stories,Videos",600,2300,0,0,0,0,2022-01-27 00-08-26
106,biltjek,dk,34,600,0.04,1.06,nummerplader,12/01/2022 17:02,"Sitelinks,Knowledge panel,People also ask",600,94000,0,0,0,0,2022-01-27 00-09-12
109,nedvejningafbil,dk,0,600,1.0,1.39,nedvejning af bil,22/01/2022 14:10,"Sitelinks,People also ask,Image pack",600,500,0,0,1,1,2022-01-27 00-08-08
110,elladertilbil,dk,9,600,,,lader til elbil,20/01/2022 10:16,"Sitelinks,People also ask,Image pack",600,3900,1,1,1,1,2022-01-27 00-07-57
112,teslabil,dk,4,500,0.5,0.71,tesla model s,22/01/2022 08:47,"Sitelinks,People also ask,Image pack",2200,9400,1,0,0,0,2022-01-27 00-08-45
113,leasingafbrugtbiludenudbetaling,dk,2,500,1.1,1.96,leasing af brugt bil uden udbetaling,15/01/2022 08:51,"Featured snippet,People also ask,Sitelinks",500,1400,1,1,1,1,2022-01-27 00-07-59
114,skrotpriserbil,dk,9,500,0.35,1.65,skrotpriser biler,15/01/2022 09:56,"Featured snippet,People also ask,Sitelinks",600,4300,1,1,0,0,2022-01-27 00-07-30
116,brugtbilforhandler,dk,32,500,1.0,1.82,biltorvet,13/01/2022 21:25,Sitelinks,500,71000,1,1,1,1,2022-01-27 00-08-18
117,tinglysningbil,dk,0,500,0.2,1.17,tinglysning bil,15/01/2022 01:03,"People also ask,Sitelinks",500,700,1,0,0,1,2022-01-27 00-07-18
118,chiptuningafbil,dk,13,500,,,chiptuning,14/12/2021 17:22,"Sitelinks,People also ask,Image pack",500,8800,1,1,1,1,2022-01-27 00-07-14
119,nummeroplysningenbil,dk,50,500,,,nummerplade,22/01/2022 14:58,"Sitelinks,People also ask,Image pack",500,297000,1,1,1,1,2022-01-27 00-08-11
120,korttidsleasingbrugtbil,dk,1,500,0.9,1.96,korttidsleasing,12/01/2022 17:25,"People also ask,Sitelinks,Image pack",600,2500,1,1,0,1,2022-01-27 00-08-56
121,billigleasingafbil,dk,7,500,1.8,1.67,billig leasing,09/01/2022 09:23,"Sitelinks,People also ask",600,8600,1,1,1,1,2022-01-27 00-08-24
122,hundeburetilbil,dk,1,500,0.7,1.77,hundebur til bil,16/01/2022 12:05,"Sitelinks,People also ask,Image pack",500,5500,0,1,1,1,2022-01-27 00-07-34
123,plug-inhybridbil,dk,0,500,,,hybrid bil,19/01/2022 13:41,"Sitelinks,People also ask,Top stories,Videos",500,12000,1,1,0,1,2022-01-27 00-09-07
124,fjernstyretbilbenzin,dk,1,500,0.45,1.93,nitro biler,19/01/2022 09:01,"Sitelinks,Top stories,Videos,Image pack",500,400,1,1,0,0,2022-01-27 00-08-59
125,airconditionerbil,dk,0,500,,,klimaanlæg bil køler ikke,16/12/2021 13:39,"People also ask,Sitelinks,Top stories,Videos",500,200,1,1,0,1,2022-01-27 00-07-50
127,bildele,dk,57,500,1.2,1.34,autodoc,19/01/2022 19:12,"Adwords top,Sitelinks,People also ask",500,45000,1,0,0,0,2022-01-27 00-08-44
128,stabil,dk,17,500,,,sta bil,19/01/2022 02:00,"Sitelinks,Shopping results,Thumbnails,Top stories,Videos,Image pack",4500,200,0,0,0,0,2022-01-27 00-08-09
129,billigsteforsikringbil,dk,28,500,3.0,,alka bilforsikring,12/01/2022 21:31,"Adwords top,Sitelinks,People also ask,Adwords bottom",600,17000,0,1,0,1,2022-01-27 00-07-55
130,coatingafbil,dk,0,500,0.1,1.75,keramisk coating,15/01/2022 19:05,"Featured snippet,People also ask,Top stories,Videos,Sitelinks,Image pack",500,900,1,1,0,1,2022-01-27 00-08-33
132,billigstebil,dk,0,500,2.0,1.34,billigste bil,10/01/2022 03:31,"Featured snippet,People also ask,Sitelinks",600,900,1,1,1,1,2022-01-27 00-07-41
135,blocketsebil,dk,12,500,,,blocket bilar,20/12/2021 17:19,"Sitelinks,Image pack",1500,3400,1,0,0,1,2022-01-27 00-08-38
136,billeasingprivat,dk,13,500,1.5,1.7,privat leasing,10/12/2021 09:05,"Adwords top,Sitelinks,Knowledge panel,People also ask,Adwords bottom",800,7400,0,1,0,0,2022-01-27 00-07-42
137,lakeringafbil,dk,0,500,0.25,1.31,omlakering af bil,23/01/2022 05:26,"Featured snippet,People also ask,Top stories,Videos,Sitelinks",500,450,1,0,0,0,2022-01-27 00-09-15
139,brugtbiltilsalg,dk,39,500,0.2,1.38,biltorvet,15/01/2022 15:19,"Sitelinks,People also ask",600,70000,1,0,1,1,2022-01-27 00-08-22
141,kaybojesenbil,dk,0,500,0.5,0.93,kay bojesen bil,11/01/2022 12:08,"Sitelinks,Image pack",600,150,1,1,0,1,2022-01-27 00-09-18
142,bilaktion,dk,13,500,0.4,1.14,bilauktion,14/01/2022 23:36,Sitelinks,700,5800,0,1,0,0,2022-01-27 00-08-14
143,gpstrackerbil,dk,0,500,0.7,1.88,gps tracker bil,16/01/2022 05:45,"Featured snippet,People also ask,Sitelinks",1600,400,1,1,0,0,2022-01-27 00-09-01
146,findejerafbil,dk,15,500,0.2,1.82,tjek nummerplade,13/01/2022 03:15,"Sitelinks,Image pack",500,118000,1,0,0,1,2022-01-27 00-09-20
147,hundeburtilbilbiltema,dk,0,500,,,hundebur,22/12/2021 21:53,"Featured snippet,Sitelinks",500,450,1,1,1,1,2022-01-27 00-08-47
148,hunderampetilbil,dk,0,500,0.7,1.63,hunde rampe,11/01/2022 22:19,"Sitelinks,Image pack",600,1000,1,1,1,1,2022-01-27 00-08-12
150,bobbelbil,dk,0,450,0.4,0.2,bobbel,23/12/2021 12:19,"Sitelinks,People also ask",450,100,1,0,0,0,2022-01-27 00-09-16
153,bedstemobilholdertilbil,dk,0,450,0.9,1.44,bedste mobilholder til bil,30/12/2021 11:39,"Sitelinks,Image pack",450,300,1,1,1,1,2022-01-27 00-08-03
154,hvordanomregistrerermanenbil,dk,7,450,0.25,1.01,omregistrering af bil,14/12/2021 01:10,"Featured snippet,People also ask,Sitelinks,Image pack",450,27000,1,0,1,1,2022-01-27 00-08-11
156,mobilholderbil,dk,0,450,0.9,1.43,mobilholder til bil,19/01/2022 02:41,Featured snippet,2400,7300,1,0,1,0,2022-01-27 00-07-43
157,bilpolering,dk,1,450,0.8,1.31,polering af bil,14/01/2022 02:36,"People also ask,Top stories,Videos,Sitelinks",800,800,1,0,0,0,2022-01-27 00-08-20
159,ruteplanbil,dk,6,450,0.0,1.25,krak kort,01/01/2022 00:11,Sitelinks,450,230000,1,1,1,1,2022-01-27 00-08-16
161,wvbil,dk,21,450,0.1,0.78,vw,20/12/2021 04:52,"Sitelinks,Image pack",500,71000,0,0,0,1,2022-01-27 00-08-31
162,fribilbeskatning,dk,6,450,0.01,1.44,beskatning af fri bil,03/01/2022 07:46,"People also ask,Sitelinks",450,3400,1,0,1,1,2022-01-27 00-08-05
164,bilnyheder,dk,4,450,0.4,1.74,bil nyheder,25/12/2021 21:33,Sitelinks,450,250,1,0,0,0,2022-01-27 00-08-39
165,mcqueenbil,dk,0,450,0.45,0.84,lynet mcqueen bil,05/01/2022 11:24,"Sitelinks,Knowledge panel,Top stories,Videos",900,450,1,1,1,0,2022-01-27 00-07-26
166,importafbil,dk,4,450,1.0,1.43,import af bil,09/01/2022 03:21,"Featured snippet,People also ask,Sitelinks",450,600,1,1,0,0,2022-01-27 00-07-45
167,mini-leasebil,dk,7,450,,,minilease,20/01/2022 14:37,"People also ask,Sitelinks,Top stories,Videos",450,3600,1,1,1,1,2022-01-27 00-08-05
169,tagtelttilbil,dk,0,450,0.2,1.85,tagtelt bil,14/12/2021 19:31,"Sitelinks,Image pack",450,700,1,1,0,1,2022-01-27 00-08-16
171,billigsteleasingbil2021,dk,6,450,,,leasing af bil billig,01/01/2022 17:25,"Featured snippet,People also ask,Sitelinks",500,2000,1,0,0,1,2022-01-27 00-07-55
172,bilmedautomatgear,dk,0,450,0.1,1.11,biler med automatgear,21/01/2022 10:19,"People also ask,Sitelinks,Top stories,Videos",450,1000,0,1,1,1,2022-01-27 00-07-53
173,brugthybridbil,dk,0,450,,,brugt hybrid bil,12/01/2022 14:22,People also ask,450,600,1,1,0,1,2022-01-27 00-07-48
174,vwbil,dk,5,450,0.2,,vw,12/01/2022 06:57,"Sitelinks,People also ask,Image pack",600,71000,0,0,1,1,2022-01-27 00-08-35
175,bilstyling,dk,10,450,0.2,2.24,extreme car parts,15/12/2021 10:26,"Sitelinks,Top stories,Videos",1600,1500,0,0,1,0,2022-01-27 00-07-03
177,formel1bil,dk,0,450,0.3,0.42,formel 1,11/12/2021 19:48,"Sitelinks,People also ask,Knowledge panel,Top stories,Videos",1100,7000,1,1,0,1,2022-01-27 00-07-25
178,cobrabil,dk,0,450,0.45,0.27,ac cobra,25/12/2021 01:29,"Image pack,Sitelinks",1000,90,1,0,0,1,2022-01-27 00-09-12
179,servicebil,dk,2,450,1.4,0.89,serviceeftersyn,14/01/2022 11:06,"Adwords top,People also ask,Sitelinks,Adwords bottom",3100,900,1,1,1,0,2022-01-27 00-08-22
180,bilfolie,dk,1,450,0.8,1.51,folie til bil,01/01/2022 23:47,"People also ask,Sitelinks,Top stories,Videos",900,3000,1,0,0,0,2022-01-27 00-08-30
183,forsikringafbil,dk,25,450,6.0,1.14,alka bilforsikring,17/01/2022 01:45,"Sitelinks,People also ask",450,21000,1,1,0,1,2022-01-27 00-08-46
185,epcbil,dk,0,450,,,epc bil,18/01/2022 01:59,"Sitelinks,People also ask",700,300,1,0,1,0,2022-01-27 00-08-20
186,bilmagasinet,dk,3,450,0.45,0.99,bilmagasinet,15/01/2022 02:39,"Sitelinks,Knowledge panel,Top stories,Videos",700,7700,0,0,0,0,2022-01-27 00-08-57
187,automatgearbil,dk,0,450,0.5,0.95,bil med automatgear,23/01/2022 07:34,"Featured snippet,People also ask,Sitelinks",450,1000,1,0,1,1,2022-01-27 00-07-54
188,brugtbilranders,dk,0,450,0.6,5.56,brugt bil randers,25/12/2021 09:55,"Sitelinks,Image pack",450,1600,1,0,1,1,2022-01-27 00-07-26
189,telttilbil,dk,0,450,0.45,1.48,telt til bil,30/12/2021 05:42,"Sitelinks,Image pack",1400,450,1,0,1,1,2022-01-27 00-08-39
191,finansieringbil,dk,2,450,5.0,1.43,finansiering bil,10/01/2022 20:45,People also ask,1000,600,0,0,1,1,2022-01-27 00-09-25
193,bilpleje,dk,18,450,0.15,1.37,bilpleje,27/12/2021 23:49,Sitelinks,500,800,0,0,0,0,2022-01-27 00-07-51
194,releasingbil,dk,4,400,0.8,1.62,leasing af brugt bil,19/01/2022 15:42,"Knowledge panel,People also ask,Sitelinks",500,3400,1,1,1,1,2022-01-27 00-08-59
195,gammelbil,dk,0,400,0.15,0.26,gamle biler,04/01/2022 03:20,"Image pack,Sitelinks",800,200,1,1,1,1,2022-01-27 00-08-22
198,lillebilmedautomatgear,dk,0,400,1.8,1.59,lille bil med automatgear,15/12/2021 10:20,"Sitelinks,People also ask,Image pack",400,450,1,1,1,1,2022-01-27 00-08-25
200,pawpatrolbil,dk,0,400,0.5,0.87,paw patrol biler,21/01/2022 21:18,"Image pack,People also ask,Top stories,Videos",1000,350,0,0,0,0,2022-01-27 00-09-16
202,folieringafbil,dk,1,400,0.5,1.62,folie til bil,02/01/2022 17:22,"Featured snippet,People also ask,Sitelinks,Top stories,Videos",400,2200,1,1,1,1,2022-01-27 00-07-39
203,billigbilleasing,dk,11,400,1.4,2.26,billig leasing,14/01/2022 07:10,"People also ask,Sitelinks",450,9200,1,1,1,1,2022-01-27 00-07-12
205,lejenbilforendag,dk,15,400,1.2,1.59,gomore lej bil,26/12/2021 19:25,"Adwords top,People also ask,Sitelinks",400,7700,1,0,1,1,2022-01-27 00-08-36
206,leasingafbilerhverv,dk,6,400,2.5,1.37,erhvervsleasing,09/01/2022 13:01,"Featured snippet,People also ask,Sitelinks",400,800,1,1,1,1,2022-01-27 00-07-34
207,danmarksbilligstebil,dk,0,400,3.0,1.14,billigste bil,02/01/2022 01:44,"Featured snippet,Sitelinks,People also ask",400,1000,0,1,1,0,2022-01-27 00-07-27
209,serviceaftalebil,dk,0,400,1.7,1.71,serviceaftaler,13/12/2021 07:15,People also ask,450,350,1,0,0,1,2022-01-27 00-08-19
211,cykelholderbil,dk,0,400,0.7,1.39,cykelholder til bil,15/01/2022 19:45,"Featured snippet,People also ask,Sitelinks",450,3200,1,1,1,1,2022-01-27 00-07-20
213,streamerstilbil,dk,0,400,1.0,,streamer til bil,12/01/2022 21:51,"Sitelinks,Top stories,Videos,Image pack",400,400,1,0,1,0,2022-01-27 00-07-44
214,opladertilbil,dk,2,400,0.8,1.19,oplader til bil,25/12/2021 08:00,"Sitelinks,People also ask,Image pack",400,1300,1,0,1,1,2022-01-27 00-07-56
215,siddepudebil,dk,0,400,0.3,0.84,selepude,31/12/2021 08:15,"Shopping results,Thumbnails,Sitelinks,People also ask,Image pack",400,1500,1,1,0,1,2022-01-27 00-08-52
216,morganbil,dk,0,400,0.06,0.64,morgan,25/12/2021 13:11,"Featured snippet,Sitelinks",1300,200,1,0,1,0,2022-01-27 00-08-07
218,omregistreringafbilpris,dk,3,400,0.9,0.9,omregistrering af bil,16/01/2022 08:59,"Featured snippet,People also ask,Image pack",400,27000,1,0,1,1,2022-01-27 00-07-47
219,fribil,dk,4,400,0.0,1.23,fri bil,21/12/2021 09:20,"Sitelinks,People also ask",600,2900,1,0,1,0,2022-01-27 00-07-42
221,bedstebrugtebil2021,dk,1,400,,,bedste brugte bil,16/12/2021 12:23,"Featured snippet,People also ask,Sitelinks,Image pack",400,150,1,1,1,1,2022-01-27 00-07-40
223,leasingafbilbillig,dk,11,400,1.8,2.2,billig leasing,23/01/2022 03:34,"Featured snippet,People also ask,Sitelinks",400,9300,0,0,0,0,2022-01-27 00-09-10
225,konfiskeringafbil,dk,2,400,0.0,,konfiskation af bil,07/01/2022 16:21,"People also ask,Sitelinks",400,300,0,0,1,1,2022-01-27 00-08-22
227,streamertilbil,dk,0,400,1.1,1.25,streamers til bil,30/12/2021 02:33,"Featured snippet,Sitelinks",400,300,0,0,1,1,2022-01-27 00-09-02
228,ansvarsforsikringbilpris,dk,7,400,6.0,1.2,ansvarsforsikring bil pris,25/12/2021 09:15,"Featured snippet,People also ask,Sitelinks",450,900,1,1,1,1,2022-01-27 00-07-41
230,boostertilbil,dk,0,400,0.6,1.03,starthjælp,18/12/2021 20:32,"Sitelinks,People also ask,Top stories,Videos,Image pack",400,600,1,1,1,1,2022-01-27 00-07-31
231,kaskoforsikringbil,dk,7,400,5.0,0.62,kaskoforsikring,14/12/2021 03:28,"People also ask,Sitelinks",450,900,1,1,1,1,2022-01-27 00-07-45
232,hvilkenoliebrugerminbil,dk,0,400,0.1,1.73,olie til biler,26/12/2021 08:19,"Featured snippet,People also ask,Sitelinks,Image pack",400,1100,0,1,0,1,2022-01-27 00-07-50
233,aktivsubwooferbil,dk,0,400,0.1,1.44,subwoofer til bil,13/01/2022 17:27,"Sitelinks,Image pack",1000,300,1,1,1,1,2022-01-27 00-08-16
234,airconditionbil,dk,0,400,1.0,0.76,aircondition i bil,07/01/2022 04:42,People also ask,700,50,1,1,1,1,2022-01-27 00-07-47
237,dibabil,dk,2,400,,,diba,12/01/2022 10:31,"Sitelinks,People also ask",400,5600,1,1,1,0,2022-01-27 00-07-11
238,ladabil,dk,0,400,0.0,0.43,lada,12/12/2021 22:43,"Image pack,Sitelinks,People also ask",2400,600,1,1,0,1,2022-01-27 00-08-04
239,advarselslamperbil,dk,0,400,0.8,0.94,bil symboler betydelse,11/01/2022 11:04,"Image pack,People also ask,Sitelinks,Top stories,Videos",450,1000,0,1,0,0,2022-01-27 00-09-18
240,elektriskbil,dk,3,400,0.8,0.63,elbil,17/01/2022 19:19,"People also ask,Sitelinks,Top stories,Videos",1700,1100,1,0,0,0,2022-01-27 00-08-32
241,grufmanbil,dk,0,400,,,grufman bil,15/12/2021 16:08,"Sitelinks,Knowledge panel,Image pack",1700,150,1,0,0,1,2022-01-27 00-08-14
242,billigbrugtbil,dk,22,400,0.25,1.38,biltorvet,11/12/2021 02:50,"Sitelinks,People also ask",450,73000,1,1,0,0,2022-01-27 00-08-43
245,billignybil,dk,0,400,3.0,1.68,billig lille bil,16/01/2022 02:43,"Featured snippet,People also ask,Sitelinks",600,1500,1,0,1,0,2022-01-27 00-07-35
246,langtidslejebil,dk,3,400,1.1,1.95,langtidsleje bil,16/12/2021 05:16,"Sitelinks,Image pack",400,300,1,1,1,1,2022-01-27 00-09-05
247,poleringafbilpris,dk,0,400,0.8,1.56,polering af bil pris,09/12/2021 18:32,"Featured snippet,People also ask,Knowledge panel,Sitelinks,Adwords bottom",450,350,0,1,1,1,2022-01-27 00-08-40
248,slikbil,dk,2,400,,,slikbilen,21/12/2021 22:27,"Sitelinks,Top stories,Thumbnails,Image pack",400,12000,1,0,1,0,2022-01-27 00-08-48
249,bedstebrugtbil2020,dk,0,400,,,bedste brugt bil 2020,10/12/2021 11:31,"Featured snippet,People also ask,Top stories,Videos,Image pack",400,900,1,1,1,1,2022-01-27 00-08-13
250,fdmforsikringbil,dk,4,400,1.3,0.98,fdm forsikring,08/01/2022 18:25,"Adwords top,Sitelinks,People also ask,Image pack",450,7500,1,1,1,0,2022-01-27 00-08-48
251,bmwelbil,dk,0,400,0.4,0.84,elbiler 2021,19/01/2022 23:09,"Adwords top,Sitelinks,People also ask,Image pack",1000,1500,0,1,1,1,2022-01-27 00-07-04
252,stickerstilbil,dk,1,400,0.9,1.79,stickers,01/01/2022 22:31,"Sitelinks,Image pack",500,3500,1,0,0,1,2022-01-27 00-09-08
253,bilradio,dk,0,400,0.07,1.08,bilradio thansen,05/01/2022 15:18,Sitelinks,1600,1500,0,0,0,0,2022-01-27 00-08-54
